id ,name       ,email             ,password ,note                ,created_at          ,updated_at          ,deleted_at,,,
1,TNG Coop Tokyo,tng_0001@tng.coop,tng_0001,TNG COOP here,2023-11-27 12:00:01 ,2023-11-27 12:00:01 ,NULL,,,
2,Dummy Man,dummy1024@example.net,dummy1024,dummy dummy dummy dummy,2023-11-30 15:59:59 ,2023-11-30 15:59:59 ,NULL,,,
3,Jhon Smith ,smith1707@example.com,smith1707,Hi! this is my note ,2023-11-30 12:11:40 ,2023-11-30 12:11:40 ,NULL,,,
4,Mr Robert\’\)\\ DROP,327xkcdcom@example.com,StudEnTs,SituENDs,,"OH. YES, LITTLE BOBBY TABLES, WE CALL HIM.",1970-01-01 00:00:00 ,1970-01-01 00:00:00 ,NULL
5,Mary Shell,maryshell6337@example.org,12345_mary,"I am writter, translater.",2023-11-30 19:12:37 ,2023-11-30 19:12:37 ,NULL,,,
6,Reggist O Nly.,registonly@example.com,aaaaaaaa137,some note.,2023-11-30 20:44:00 ,2023-11-30 20:44:00 ,NULL,,,
7,Robert Smith,smithrobert0137@example.com,robert_smith_1234,"I came Japan recent month,
I would like to take work experience in Japan.",2023-11-30 23:00:44 ,2023-11-30 23:00:44 ,NULL,,,
8,tmpuser,tmpuser@example.net,Tmpuser_1234,this is tmp user.,2023-11-30 23:11:02 ,2023-11-30 23:11:02 ,NULL,,,
9,tmpuser,tmpuser@example.net,Tmpuser_0123,this is tmp user.,2023-11-30 23:11:02 ,2023-11-30 23:11:02 ,NULL,,,
10,tmpuser,tmpuser@example.org,Tmpuser_4444,this is tmp user.,2023-11-30 23:11:02 ,2023-11-30 23:11:02 ,NULL,,,
11,ほげほげ林業 株式会社,hogehogeforest@example.net,1300hogehogeforest,"信濃国で創業以来 SDGs! を合言葉に、生態系のほげん活動を続けております。
地域の皆様に支えられて、今年で創業1300年を迎えました。,,
ホームページもあるので、是非ご覧下さい。,,
,,
https://hogehgoeforest.co.jp/",2023-12-03 08:50:41 ,2023-12-03 08:50:41 ,NULL,,,
12,tmpuser_x,tmpuser-x@example.com,0123_tmpuser,there is tmpuser_x!,2023-12-05 11:20:31 ,2023-12-05 11:20:31 ,NULL,,,
13,tmpuser_x,tmpuser-x@example.com,0123_tmpuser,there is tmpuser_x!,2023-12-05 11:20:31 ,2023-12-05 11:20:31 ,NULL,,,
14,tmpuser_x,tmpuser-x@example.com,0123_tmpuser,there is tmpuser_x!,2023-12-05 11:20:31 ,2023-12-05 11:20:31 ,NULL,,,
15,tmpuser_x,tmpuser-x@example.com,0123_tmpuser,there is tmpuser_x!,2023-12-05 11:20:31 ,2023-12-05 11:20:31 ,NULL,,,
16,tmpuser_x,tmpuser-x@example.com,0123_tmpuser,there is tmpuser_x!,2023-12-05 11:20:31 ,2023-12-05 11:20:31 ,NULL,,,
17,tmpuser_x,tmpuser-x@example.com,0123_tmpuser,there is tmpuser_x!,2023-12-05 11:20:31 ,2023-12-05 11:20:31 ,NULL,,,
18,tmpuser_x,tmpuser-x@example.com,0123_tmpuser,there is tmpuser_x!,2023-12-05 11:20:31 ,2023-12-05 11:20:31 ,NULL,,,
19,tmpuser_x,tmpuser-x@example.com,0123_tmpuser,there is tmpuser_x!,2023-12-05 11:20:31 ,2023-12-05 11:20:31 ,NULL,,,
